Comentario,Sentimiento,Profesor
Me gusta mucho cómo apoya el desarrollo personal porque es muy amable.,positivo,Omar
Valoro que responde todas las dudas porque es muy respetuoso.,positivo,David
Siempre me impresiona cómo tiene una gran actitud porque es muy puntual.,positivo,Aldo
Me gusta mucho cómo fomenta la participación porque es muy organizado.,positivo,Miguel
Lo mejor de sus clases es que responde todas las dudas porque es muy puntual.,positivo,Julián
Disfruto cuando siempre está disponible para ayudar porque es muy puntual.,positivo,Miguel
Lo mejor de sus clases es que responde todas las dudas porque es muy paciente.,positivo,Aldo
Disfruto cuando apoya el desarrollo personal porque es muy puntual.,positivo,Julián
Es muy admirable que tiene una gran actitud porque es muy comprometido.,positivo,Miguel
Es motivador cuando apoya el desarrollo personal porque es muy respetuoso.,positivo,Julián
Disfruto cuando fomenta la participación porque es muy organizado.,positivo,Omar
Es muy admirable que se preocupa por sus alumnos porque es muy claro.,positivo,Julián
Es muy admirable que apoya el desarrollo personal porque es muy dinámico.,positivo,David
Una de las mejores cosas es que tiene un gran dominio del tema porque es muy respetuoso.,positivo,Omar
Aprecio mucho que siempre está disponible para ayudar porque es muy excelente.,positivo,Julián
Una de las mejores cosas es que fomenta la participación porque es muy comprometido.,positivo,Julián
Es motivador cuando motiva a aprender porque es muy excelente.,positivo,Miguel
Siempre me impresiona cómo explica muy bien porque es muy respetuoso.,positivo,Omar
Siempre me impresiona cómo hace las clases interesantes porque es muy entusiasta.,positivo,Miguel
Me ayuda mucho que mantiene la clase activa porque es muy organizado.,positivo,David
Me encanta que fomenta la participación porque es muy comprensivo.,positivo,Miguel
Me parece genial que mantiene la clase activa porque es muy dedicado.,positivo,Omar
Es increíble cómo usa buenos ejemplos porque es muy creativo.,positivo,Julián
Me gusta mucho cómo mantiene la clase activa porque es muy respetuoso.,positivo,David
Una de las mejores cosas es que motiva a aprender porque es muy claro.,positivo,Omar
Aprecio mucho que fomenta la participación porque es muy puntual.,positivo,Ulises
Me parece genial que inspira a mejorar porque es muy creativo.,positivo,Omar
Valoro que motiva a aprender porque es muy amable.,positivo,Aldo
Es motivador cuando utiliza recursos útiles porque es muy amable.,positivo,Omar
Es destacable cómo siempre está disponible para ayudar porque es muy organizado.,positivo,Aldo
Disfruto cuando mantiene la clase activa porque es muy comprometido.,positivo,Julián
Disfruto cuando usa buenos ejemplos porque es muy paciente.,positivo,Ulises
Me encanta que transmite confianza porque es muy respetuoso.,positivo,Omar
Nunca deja de sorprenderme cómo inspira a mejorar porque es muy entusiasta.,positivo,Ulises
Lo mejor de sus clases es que explica muy bien porque es muy inspirador.,positivo,Miguel
Me ayuda mucho que usa buenos ejemplos porque es muy dedicado.,positivo,Omar
Es increíble cómo inspira a mejorar porque es muy organizado.,positivo,Miguel
Lo mejor de sus clases es que responde todas las dudas porque es muy inspirador.,positivo,Omar
Me parece genial que mantiene la clase activa porque es muy comprensivo.,positivo,Aldo
Una de las mejores cosas es que transmite confianza porque es muy comprensivo.,positivo,Miguel
Me encanta que se preocupa por sus alumnos porque es muy dinámico.,positivo,Ulises
Es motivador cuando usa buenos ejemplos porque es muy sabio.,positivo,Omar
Una de las mejores cosas es que apoya el desarrollo personal porque es muy creativo.,positivo,Omar
Me encanta que inspira a mejorar porque es muy inspirador.,positivo,Aldo
Es motivador cuando hace las clases interesantes porque es muy inspirador.,positivo,Julián
Una de las mejores cosas es que transmite confianza porque es muy respetuoso.,positivo,Aldo
Es increíble cómo motiva a aprender porque es muy puntual.,positivo,Aldo
Es muy admirable que hace las clases interesantes porque es muy entusiasta.,positivo,Miguel
Es muy admirable que mantiene la clase activa porque es muy sabio.,positivo,Omar
Aprecio mucho que inspira a mejorar porque es muy excelente.,positivo,Omar
Me gusta mucho cómo transmite confianza porque es muy amable.,positivo,Julián
Disfruto cuando tiene un gran dominio del tema porque es muy puntual.,positivo,Julián
Me parece genial que fomenta la participación porque es muy organizado.,positivo,Omar
Me parece genial que utiliza recursos útiles porque es muy excelente.,positivo,Miguel
Aprecio mucho que mantiene la clase activa porque es muy paciente.,positivo,Omar
Me encanta que utiliza recursos útiles porque es muy amable.,positivo,Ulises
Lo mejor de sus clases es que siempre está disponible para ayudar porque es muy excelente.,positivo,Miguel
Siempre me impresiona cómo fomenta la participación porque es muy sabio.,positivo,David
Aprecio mucho que utiliza recursos útiles porque es muy inspirador.,positivo,Aldo
Nunca deja de sorprenderme cómo hace las clases interesantes porque es muy dinámico.,positivo,Miguel
Me gusta mucho cómo mantiene la clase activa porque es muy organizado.,positivo,David
Es muy admirable que utiliza recursos útiles porque es muy puntual.,positivo,Aldo
Siempre me impresiona cómo apoya el desarrollo personal porque es muy comprometido.,positivo,David
Es increíble cómo hace las clases interesantes porque es muy sabio.,positivo,Ulises
Aprecio mucho que explica muy bien porque es muy claro.,positivo,Omar
Es destacable cómo usa buenos ejemplos porque es muy organizado.,positivo,Miguel
Es motivador cuando tiene una gran actitud porque es muy organizado.,positivo,Miguel
Me encanta que explica muy bien porque es muy organizado.,positivo,Julián
Es motivador cuando tiene un gran dominio del tema porque es muy dinámico.,positivo,David
Una de las mejores cosas es que responde todas las dudas porque es muy inspirador.,positivo,Aldo
Es increíble cómo apoya el desarrollo personal porque es muy inspirador.,positivo,Ulises
Lo mejor de sus clases es que tiene una gran actitud porque es muy creativo.,positivo,Ulises
Es muy admirable que utiliza recursos útiles porque es muy creativo.,positivo,Miguel
Es destacable cómo tiene una gran actitud porque es muy respetuoso.,positivo,Aldo
Me ayuda mucho que tiene un gran dominio del tema porque es muy dedicado.,positivo,Miguel
Lo mejor de sus clases es que mantiene la clase activa porque es muy dedicado.,positivo,Julián
Es destacable cómo responde todas las dudas porque es muy creativo.,positivo,Ulises
Aprecio mucho que responde todas las dudas porque es muy creativo.,positivo,Omar
Disfruto cuando explica muy bien porque es muy puntual.,positivo,David
Me ayuda mucho que responde todas las dudas porque es muy paciente.,positivo,Ulises
Lo mejor de sus clases es que explica muy bien porque es muy entusiasta.,positivo,Omar
Disfruto cuando fomenta la participación porque es muy amable.,positivo,Omar
Nunca deja de sorprenderme cómo usa buenos ejemplos porque es muy paciente.,positivo,Julián
Es increíble cómo fomenta la participación porque es muy dedicado.,positivo,Ulises
Es muy admirable que apoya el desarrollo personal porque es muy sabio.,positivo,David
Me ayuda mucho que utiliza recursos útiles porque es muy amable.,positivo,Julián
Siempre me impresiona cómo siempre está disponible para ayudar porque es muy sabio.,positivo,Omar
Me gusta mucho cómo explica muy bien porque es muy creativo.,positivo,Aldo
Una de las mejores cosas es que responde todas las dudas porque es muy entusiasta.,positivo,Omar
Es motivador cuando usa buenos ejemplos porque es muy entusiasta.,positivo,Miguel
Me parece genial que mantiene la clase activa porque es muy puntual.,positivo,Julián
Una de las mejores cosas es que inspira a mejorar porque es muy respetuoso.,positivo,Julián
Lo mejor de sus clases es que fomenta la participación porque es muy respetuoso.,positivo,Julián
Valoro que siempre está disponible para ayudar porque es muy creativo.,positivo,Miguel
Me ayuda mucho que motiva a aprender porque es muy claro.,positivo,Omar
Lo mejor de sus clases es que tiene una gran actitud porque es muy comprometido.,positivo,Julián
Es increíble cómo se preocupa por sus alumnos porque es muy excelente.,positivo,Miguel
Nunca deja de sorprenderme cómo siempre está disponible para ayudar porque es muy excelente.,positivo,Omar
Me encanta que utiliza recursos útiles porque es muy respetuoso.,positivo,Julián
Es destacable cómo se preocupa por sus alumnos porque es muy creativo.,positivo,Julián
Me parece genial que fomenta la participación porque es muy excelente.,positivo,David
Es muy admirable que motiva a aprender porque es muy amable.,positivo,Miguel
Me ayuda mucho que tiene una gran actitud porque es muy sabio.,positivo,Julián
Me parece genial que transmite confianza porque es muy puntual.,positivo,Omar
Me parece genial que mantiene la clase activa porque es muy respetuoso.,positivo,David
Es motivador cuando se preocupa por sus alumnos porque es muy claro.,positivo,Ulises
Una de las mejores cosas es que se preocupa por sus alumnos porque es muy claro.,positivo,Miguel
Me ayuda mucho que responde todas las dudas porque es muy puntual.,positivo,Omar
Una de las mejores cosas es que inspira a mejorar porque es muy excelente.,positivo,David
Es increíble cómo siempre está disponible para ayudar porque es muy amable.,positivo,Omar
Valoro que inspira a mejorar porque es muy inspirador.,positivo,Ulises
Es motivador cuando transmite confianza porque es muy paciente.,positivo,David
Disfruto cuando siempre está disponible para ayudar porque es muy amable.,positivo,Omar
Es destacable cómo apoya el desarrollo personal porque es muy organizado.,positivo,Aldo
Disfruto cuando explica muy bien porque es muy dedicado.,positivo,Ulises
Me ayuda mucho que fomenta la participación porque es muy paciente.,positivo,Omar
Valoro que mantiene la clase activa porque es muy respetuoso.,positivo,David
Es increíble cómo mantiene la clase activa porque es muy creativo.,positivo,Aldo
Es destacable cómo se preocupa por sus alumnos porque es muy organizado.,positivo,Aldo
Valoro que inspira a mejorar porque es muy comprometido.,positivo,Omar
Siempre me impresiona cómo responde todas las dudas porque es muy dedicado.,positivo,Aldo
Es motivador cuando responde todas las dudas porque es muy comprensivo.,positivo,Miguel
Es muy admirable que se preocupa por sus alumnos porque es muy puntual.,positivo,Miguel
Es motivador cuando explica muy bien porque es muy excelente.,positivo,Ulises
Me ayuda mucho que transmite confianza porque es muy claro.,positivo,Aldo
Siempre me impresiona cómo fomenta la participación porque es muy dinámico.,positivo,Miguel
Me encanta que se preocupa por sus alumnos porque es muy comprometido.,positivo,Miguel
Disfruto cuando utiliza recursos útiles porque es muy organizado.,positivo,Omar
Una de las mejores cosas es que fomenta la participación porque es muy inspirador.,positivo,Julián
Es increíble cómo tiene un gran dominio del tema porque es muy excelente.,positivo,Aldo
Me parece genial que usa buenos ejemplos porque es muy amable.,positivo,David
Me encanta que mantiene la clase activa porque es muy paciente.,positivo,Aldo
Nunca deja de sorprenderme cómo usa buenos ejemplos porque es muy sabio.,positivo,Miguel
Es destacable cómo se preocupa por sus alumnos porque es muy comprensivo.,positivo,Miguel
Nunca deja de sorprenderme cómo usa buenos ejemplos porque es muy creativo.,positivo,Aldo
Siempre me impresiona cómo apoya el desarrollo personal porque es muy creativo.,positivo,Omar
Siempre me impresiona cómo transmite confianza porque es muy paciente.,positivo,Julián
Me ayuda mucho que fomenta la participación porque es muy entusiasta.,positivo,Julián
Siempre me impresiona cómo hace las clases interesantes porque es muy respetuoso.,positivo,Omar
Siempre me impresiona cómo fomenta la participación porque es muy paciente.,positivo,Aldo
Es motivador cuando explica muy bien porque es muy comprensivo.,positivo,David
Disfruto cuando motiva a aprender porque es muy claro.,positivo,Miguel
Es destacable cómo explica muy bien porque es muy comprensivo.,positivo,Aldo
Me parece genial que mantiene la clase activa porque es muy dinámico.,positivo,David
Lo mejor de sus clases es que siempre está disponible para ayudar porque es muy inspirador.,positivo,Miguel
Valoro que transmite confianza porque es muy inspirador.,positivo,Omar
Me encanta que motiva a aprender porque es muy excelente.,positivo,Miguel
Me encanta que apoya el desarrollo personal porque es muy entusiasta.,positivo,Omar
Siempre me impresiona cómo mantiene la clase activa porque es muy comprensivo.,positivo,Miguel
Aprecio mucho que siempre está disponible para ayudar porque es muy dinámico.,positivo,David
Aprecio mucho que mantiene la clase activa porque es muy dinámico.,positivo,Omar
Es increíble cómo fomenta la participación porque es muy comprensivo.,positivo,Ulises
Aprecio mucho que siempre está disponible para ayudar porque es muy organizado.,positivo,Aldo
Lo mejor de sus clases es que utiliza recursos útiles porque es muy excelente.,positivo,Julián
Me ayuda mucho que siempre está disponible para ayudar porque es muy claro.,positivo,Aldo
Disfruto cuando responde todas las dudas porque es muy creativo.,positivo,Miguel
Es destacable cómo inspira a mejorar porque es muy dedicado.,positivo,Miguel
Una de las mejores cosas es que mantiene la clase activa porque es muy respetuoso.,positivo,Aldo
Me encanta que apoya el desarrollo personal porque es muy excelente.,positivo,David
Valoro que motiva a aprender porque es muy creativo.,positivo,Miguel
Es destacable cómo transmite confianza porque es muy comprometido.,positivo,Miguel
Nunca deja de sorprenderme cómo responde todas las dudas porque es muy excelente.,positivo,Aldo
Aprecio mucho que tiene una gran actitud porque es muy dinámico.,positivo,David
Me gusta mucho cómo apoya el desarrollo personal porque es muy paciente.,positivo,David
Aprecio mucho que apoya el desarrollo personal porque es muy paciente.,positivo,David
Disfruto cuando responde todas las dudas porque es muy entusiasta.,positivo,Miguel
Me ayuda mucho que tiene un gran dominio del tema porque es muy creativo.,positivo,Aldo
Es destacable cómo transmite confianza porque es muy inspirador.,positivo,Aldo
Lo mejor de sus clases es que mantiene la clase activa porque es muy organizado.,positivo,Omar
Me gusta mucho cómo siempre está disponible para ayudar porque es muy excelente.,positivo,Aldo
Es motivador cuando se preocupa por sus alumnos porque es muy comprensivo.,positivo,Julián
Es muy admirable que explica muy bien porque es muy claro.,positivo,Julián
Siempre me impresiona cómo inspira a mejorar porque es muy inspirador.,positivo,Ulises
Me ayuda mucho que apoya el desarrollo personal porque es muy respetuoso.,positivo,Omar
Me parece genial que mantiene la clase activa porque es muy inspirador.,positivo,David
Me ayuda mucho que apoya el desarrollo personal porque es muy organizado.,positivo,Miguel
Me parece genial que tiene una gran actitud porque es muy excelente.,positivo,Omar
Me parece genial que tiene una gran actitud porque es muy comprensivo.,positivo,Ulises
Me gusta mucho cómo explica muy bien porque es muy sabio.,positivo,Omar
Es increíble cómo tiene un gran dominio del tema porque es muy claro.,positivo,Omar
Una de las mejores cosas es que responde todas las dudas porque es muy amable.,positivo,David
Me gusta mucho cómo transmite confianza porque es muy paciente.,positivo,Ulises
Lo mejor de sus clases es que se preocupa por sus alumnos porque es muy excelente.,positivo,Omar
Aprecio mucho que tiene un gran dominio del tema porque es muy claro.,positivo,Aldo
Me encanta que motiva a aprender porque es muy respetuoso.,positivo,Miguel
Me encanta que explica muy bien porque es muy inspirador.,positivo,David
Disfruto cuando mantiene la clase activa porque es muy puntual.,positivo,Aldo
Valoro que responde todas las dudas porque es muy excelente.,positivo,Omar
Me gusta mucho cómo motiva a aprender porque es muy creativo.,positivo,Miguel
Es muy admirable que inspira a mejorar porque es muy entusiasta.,positivo,Ulises
Nunca deja de sorprenderme cómo tiene un gran dominio del tema porque es muy sabio.,positivo,David
Lo mejor de sus clases es que apoya el desarrollo personal porque es muy claro.,positivo,David
Es destacable cómo utiliza recursos útiles porque es muy paciente.,positivo,Julián
Valoro que mantiene la clase activa porque es muy amable.,positivo,Omar
Una de las mejores cosas es que siempre está disponible para ayudar porque es muy respetuoso.,positivo,Miguel
Siempre me impresiona cómo utiliza recursos útiles porque es muy respetuoso.,positivo,Aldo
Nunca deja de sorprenderme cómo inspira a mejorar porque es muy comprensivo.,positivo,Ulises
Una de las mejores cosas es que utiliza recursos útiles porque es muy comprensivo.,positivo,Julián
Es increíble cómo inspira a mejorar porque es muy excelente.,positivo,Omar
Siempre me impresiona cómo motiva a aprender porque es muy puntual.,positivo,Ulises
Valoro que motiva a aprender porque es muy inspirador.,positivo,David
Una de las mejores cosas es que hace las clases interesantes porque es muy puntual.,positivo,Aldo
Es motivador cuando siempre está disponible para ayudar porque es muy amable.,positivo,Ulises
Me encanta que transmite confianza porque es muy comprometido.,positivo,David
Me gusta mucho cómo siempre está disponible para ayudar porque es muy sabio.,positivo,Aldo
Me parece genial que tiene un gran dominio del tema porque es muy claro.,positivo,David
Disfruto cuando responde todas las dudas porque es muy respetuoso.,positivo,Ulises
Valoro que tiene un gran dominio del tema porque es muy comprensivo.,positivo,Julián
Me gusta mucho cómo tiene una gran actitud porque es muy dedicado.,positivo,David
Valoro que inspira a mejorar porque es muy paciente.,positivo,Julián
Una de las mejores cosas es que explica muy bien porque es muy excelente.,positivo,Aldo
Me gusta mucho cómo hace las clases interesantes porque es muy inspirador.,positivo,Aldo
Aprecio mucho que inspira a mejorar porque es muy amable.,positivo,Aldo
Es destacable cómo fomenta la participación porque es muy excelente.,positivo,Omar
Es increíble cómo mantiene la clase activa porque es muy comprometido.,positivo,Julián
Es destacable cómo se preocupa por sus alumnos porque es muy dinámico.,positivo,Omar
Me gusta mucho cómo transmite confianza porque es muy inspirador.,positivo,Miguel
Disfruto cuando transmite confianza porque es muy amable.,positivo,Omar
Es muy admirable que utiliza recursos útiles porque es muy comprometido.,positivo,Miguel
Me ayuda mucho que fomenta la participación porque es muy sabio.,positivo,Julián
Me gusta mucho cómo apoya el desarrollo personal porque es muy comprensivo.,positivo,Ulises
Una de las mejores cosas es que motiva a aprender porque es muy sabio.,positivo,David
Es destacable cómo tiene una gran actitud porque es muy puntual.,positivo,Julián
Me ayuda mucho que apoya el desarrollo personal porque es muy creativo.,positivo,Omar
Me encanta que hace las clases interesantes porque es muy dinámico.,positivo,Julián
Siempre me impresiona cómo tiene una gran actitud porque es muy sabio.,positivo,Ulises
Valoro que usa buenos ejemplos porque es muy respetuoso.,positivo,David
Me ayuda mucho que se preocupa por sus alumnos porque es muy dinámico.,positivo,Aldo
Es destacable cómo motiva a aprender porque es muy puntual.,positivo,Omar
Es muy admirable que explica muy bien porque es muy dinámico.,positivo,Aldo
Siempre me impresiona cómo se preocupa por sus alumnos porque es muy comprensivo.,positivo,Ulises
Es increíble cómo mantiene la clase activa porque es muy paciente.,positivo,Julián
Lo mejor de sus clases es que hace las clases interesantes porque es muy claro.,positivo,David
Es muy admirable que fomenta la participación porque es muy creativo.,positivo,Aldo
Me parece genial que tiene una gran actitud porque es muy entusiasta.,positivo,Ulises
Me encanta que explica muy bien porque es muy comprensivo.,positivo,Aldo
Es increíble cómo se preocupa por sus alumnos porque es muy claro.,positivo,Miguel
Lo mejor de sus clases es que hace las clases interesantes porque es muy dedicado.,positivo,Ulises
Es increíble cómo explica muy bien porque es muy dedicado.,positivo,Omar
Disfruto cuando utiliza recursos útiles porque es muy amable.,positivo,Aldo
Es muy admirable que siempre está disponible para ayudar porque es muy inspirador.,positivo,David
Me ayuda mucho que siempre está disponible para ayudar porque es muy organizado.,positivo,Omar
Una de las mejores cosas es que transmite confianza porque es muy amable.,positivo,Omar
Me encanta que explica muy bien porque es muy dedicado.,positivo,Miguel
Me ayuda mucho que hace las clases interesantes porque es muy puntual.,positivo,Omar
Valoro que transmite confianza porque es muy creativo.,positivo,Omar
Aprecio mucho que mantiene la clase activa porque es muy comprometido.,positivo,Aldo
Siempre me impresiona cómo se preocupa por sus alumnos porque es muy dinámico.,positivo,Miguel
Me ayuda mucho que usa buenos ejemplos porque es muy inspirador.,positivo,David
Es motivador cuando tiene una gran actitud porque es muy claro.,positivo,Aldo
Me ayuda mucho que explica muy bien porque es muy respetuoso.,positivo,Aldo
Aprecio mucho que fomenta la participación porque es muy comprensivo.,positivo,Aldo
Me ayuda mucho que transmite confianza porque es muy sabio.,positivo,David
Me ayuda mucho que utiliza recursos útiles porque es muy respetuoso.,positivo,Omar
Me parece genial que responde todas las dudas porque es muy paciente.,positivo,Julián
Siempre me impresiona cómo responde todas las dudas porque es muy excelente.,positivo,Miguel
Me ayuda mucho que utiliza recursos útiles porque es muy comprometido.,positivo,Miguel
Disfruto cuando explica muy bien porque es muy claro.,positivo,Julián
Es destacable cómo hace las clases interesantes porque es muy sabio.,positivo,Julián
Me gusta mucho cómo tiene una gran actitud porque es muy comprometido.,positivo,Ulises
Es muy admirable que tiene un gran dominio del tema porque es muy organizado.,positivo,Aldo
Es muy admirable que mantiene la clase activa porque es muy comprometido.,positivo,Omar
Me gusta mucho cómo utiliza recursos útiles porque es muy respetuoso.,positivo,Julián
Valoro que mantiene la clase activa porque es muy entusiasta.,positivo,Aldo
Me parece genial que apoya el desarrollo personal porque es muy respetuoso.,positivo,Aldo
Siempre me impresiona cómo tiene un gran dominio del tema porque es muy comprensivo.,positivo,Miguel
Disfruto cuando hace las clases interesantes porque es muy inspirador.,positivo,Miguel
Valoro que motiva a aprender porque es muy comprometido.,positivo,David
Es destacable cómo explica muy bien porque es muy organizado.,positivo,Miguel
Es increíble cómo transmite confianza porque es muy inspirador.,positivo,Julián
Me parece genial que apoya el desarrollo personal porque es muy inspirador.,positivo,David
Me ayuda mucho que mantiene la clase activa porque es muy sabio.,positivo,Omar
Es increíble cómo apoya el desarrollo personal porque es muy sabio.,positivo,Ulises
Lo mejor de sus clases es que motiva a aprender porque es muy comprometido.,positivo,Omar
Me encanta que tiene una gran actitud porque es muy puntual.,positivo,Omar
Es muy admirable que mantiene la clase activa porque es muy dedicado.,positivo,Ulises
Me ayuda mucho que explica muy bien porque es muy claro.,positivo,Ulises
Aprecio mucho que hace las clases interesantes porque es muy puntual.,positivo,David
Me encanta que mantiene la clase activa porque es muy sabio.,positivo,Julián
Disfruto cuando motiva a aprender porque es muy dedicado.,positivo,Julián
Siempre me impresiona cómo tiene un gran dominio del tema porque es muy excelente.,positivo,Julián
Me ayuda mucho que inspira a mejorar porque es muy creativo.,positivo,Aldo
Lo mejor de sus clases es que inspira a mejorar porque es muy comprensivo.,positivo,Aldo
Aprecio mucho que fomenta la participación porque es muy comprometido.,positivo,Ulises
Es motivador cuando apoya el desarrollo personal porque es muy dinámico.,positivo,David
Disfruto cuando tiene una gran actitud porque es muy dinámico.,positivo,Aldo
Es muy admirable que tiene una gran actitud porque es muy entusiasta.,positivo,Ulises
Es motivador cuando explica muy bien porque es muy dedicado.,positivo,Omar
Me ayuda mucho que motiva a aprender porque es muy puntual.,positivo,Omar
Siempre me impresiona cómo transmite confianza porque es muy sabio.,positivo,Miguel
Siempre me impresiona cómo tiene una gran actitud porque es muy amable.,positivo,Miguel
Una de las mejores cosas es que fomenta la participación porque es muy puntual.,positivo,Miguel
Es increíble cómo motiva a aprender porque es muy respetuoso.,positivo,Miguel
Nunca deja de sorprenderme cómo mantiene la clase activa porque es muy puntual.,positivo,Julián
Nunca deja de sorprenderme cómo se preocupa por sus alumnos porque es muy paciente.,positivo,Omar
Me parece genial que inspira a mejorar porque es muy excelente.,positivo,Aldo
Aprecio mucho que apoya el desarrollo personal porque es muy entusiasta.,positivo,David
Me gusta mucho cómo mantiene la clase activa porque es muy creativo.,positivo,Miguel
Me gusta mucho cómo utiliza recursos útiles porque es muy dedicado.,positivo,Aldo
Me ayuda mucho que fomenta la participación porque es muy dedicado.,positivo,Aldo
Es motivador cuando apoya el desarrollo personal porque es muy comprometido.,positivo,Ulises
Lo mejor de sus clases es que explica muy bien porque es muy creativo.,positivo,Omar
Es muy admirable que siempre está disponible para ayudar porque es muy dinámico.,positivo,Miguel
Nunca deja de sorprenderme cómo tiene una gran actitud porque es muy claro.,positivo,Julián
Es motivador cuando motiva a aprender porque es muy comprensivo.,positivo,Miguel
Disfruto cuando tiene un gran dominio del tema porque es muy excelente.,positivo,David
Nunca deja de sorprenderme cómo transmite confianza porque es muy respetuoso.,positivo,Ulises
Valoro que fomenta la participación porque es muy creativo.,positivo,Aldo
Siempre me impresiona cómo motiva a aprender porque es muy claro.,positivo,Julián
Valoro que se preocupa por sus alumnos porque es muy organizado.,positivo,Ulises
Me gusta mucho cómo tiene un gran dominio del tema porque es muy puntual.,positivo,David
Me ayuda mucho que mantiene la clase activa porque es muy excelente.,positivo,Julián
Siempre me impresiona cómo hace las clases interesantes porque es muy sabio.,positivo,Julián
Siempre me impresiona cómo siempre está disponible para ayudar porque es muy inspirador.,positivo,Julián
Es increíble cómo inspira a mejorar porque es muy paciente.,positivo,Aldo
Es motivador cuando responde todas las dudas porque es muy dinámico.,positivo,Ulises
Nunca deja de sorprenderme cómo responde todas las dudas porque es muy entusiasta.,positivo,Ulises
Es muy admirable que tiene una gran actitud porque es muy paciente.,positivo,Miguel
Siempre me impresiona cómo tiene un gran dominio del tema porque es muy paciente.,positivo,Julián
Una de las mejores cosas es que hace las clases interesantes porque es muy creativo.,positivo,Omar
Me ayuda mucho que tiene una gran actitud porque es muy puntual.,positivo,Omar
Es increíble cómo mantiene la clase activa porque es muy sabio.,positivo,Omar
Valoro que fomenta la participación porque es muy dinámico.,positivo,Miguel
Es increíble cómo usa buenos ejemplos porque es muy claro.,positivo,Ulises
Me gusta mucho cómo hace las clases interesantes porque es muy organizado.,positivo,Aldo
Lo mejor de sus clases es que fomenta la participación porque es muy inspirador.,positivo,David
Nunca deja de sorprenderme cómo siempre está disponible para ayudar porque es muy claro.,positivo,Miguel
Me parece genial que motiva a aprender porque es muy creativo.,positivo,Julián
Es muy admirable que siempre está disponible para ayudar porque es muy organizado.,positivo,Julián
Lo mejor de sus clases es que motiva a aprender porque es muy excelente.,positivo,Aldo
Me encanta que responde todas las dudas porque es muy creativo.,positivo,Omar
Siempre me impresiona cómo tiene un gran dominio del tema porque es muy inspirador.,positivo,Omar
Valoro que transmite confianza porque es muy paciente.,positivo,David
Lo mejor de sus clases es que se preocupa por sus alumnos porque es muy sabio.,positivo,Aldo
Valoro que transmite confianza porque es muy organizado.,positivo,Miguel
Valoro que motiva a aprender porque es muy sabio.,positivo,Aldo
Disfruto cuando inspira a mejorar porque es muy respetuoso.,positivo,Ulises
Es destacable cómo utiliza recursos útiles porque es muy comprensivo.,positivo,Aldo
Es muy admirable que siempre está disponible para ayudar porque es muy puntual.,positivo,Miguel
Es increíble cómo fomenta la participación porque es muy creativo.,positivo,Aldo
Aprecio mucho que explica muy bien porque es muy excelente.,positivo,Aldo
Es muy admirable que hace las clases interesantes porque es muy respetuoso.,positivo,Miguel
Es motivador cuando inspira a mejorar porque es muy entusiasta.,positivo,Aldo
Me parece genial que tiene un gran dominio del tema porque es muy dedicado.,positivo,Aldo
Es increíble cómo mantiene la clase activa porque es muy dinámico.,positivo,Miguel
Me gusta mucho cómo responde todas las dudas porque es muy entusiasta.,positivo,Omar
Nunca deja de sorprenderme cómo se preocupa por sus alumnos porque es muy creativo.,positivo,Ulises
Es motivador cuando siempre está disponible para ayudar porque es muy respetuoso.,positivo,David
Me gusta mucho cómo fomenta la participación porque es muy amable.,positivo,David
Valoro que responde todas las dudas porque es muy inspirador.,positivo,David
Me ayuda mucho que siempre está disponible para ayudar porque es muy creativo.,positivo,Omar
Me parece genial que tiene una gran actitud porque es muy paciente.,positivo,Ulises
Valoro que tiene un gran dominio del tema porque es muy dedicado.,positivo,David
Me ayuda mucho que usa buenos ejemplos porque es muy organizado.,positivo,Omar
Nunca deja de sorprenderme cómo tiene una gran actitud porque es muy dedicado.,positivo,Aldo
Es increíble cómo tiene una gran actitud porque es muy entusiasta.,positivo,Ulises
Una de las mejores cosas es que hace las clases interesantes porque es muy respetuoso.,positivo,David
Aprecio mucho que tiene una gran actitud porque es muy inspirador.,positivo,David
Valoro que apoya el desarrollo personal porque es muy paciente.,positivo,Aldo
Me parece genial que tiene un gran dominio del tema porque es muy sabio.,positivo,Julián
Siempre me impresiona cómo apoya el desarrollo personal porque es muy inspirador.,positivo,David
Me ayuda mucho que utiliza recursos útiles porque es muy comprensivo.,positivo,Omar
Nunca deja de sorprenderme cómo transmite confianza porque es muy organizado.,positivo,Julián
Es muy admirable que fomenta la participación porque es muy dedicado.,positivo,Ulises
Me ayuda mucho que responde todas las dudas porque es muy inspirador.,positivo,David
Me gusta mucho cómo hace las clases interesantes porque es muy paciente.,positivo,Ulises
Siempre me impresiona cómo explica muy bien porque es muy claro.,positivo,Ulises
Es destacable cómo explica muy bien porque es muy respetuoso.,positivo,Aldo
Nunca deja de sorprenderme cómo motiva a aprender porque es muy paciente.,positivo,Ulises
Siempre me impresiona cómo motiva a aprender porque es muy inspirador.,positivo,David
Me gusta mucho cómo siempre está disponible para ayudar porque es muy respetuoso.,positivo,Omar
Es increíble cómo tiene una gran actitud porque es muy puntual.,positivo,Ulises
Me parece genial que apoya el desarrollo personal porque es muy comprometido.,positivo,Omar
Valoro que transmite confianza porque es muy dinámico.,positivo,Julián
Es motivador cuando motiva a aprender porque es muy comprometido.,positivo,Julián
Nunca deja de sorprenderme cómo se preocupa por sus alumnos porque es muy amable.,positivo,Ulises
Me parece genial que responde todas las dudas porque es muy inspirador.,positivo,Omar
Es destacable cómo fomenta la participación porque es muy dinámico.,positivo,Miguel
Es motivador cuando tiene un gran dominio del tema porque es muy dedicado.,positivo,Julián
Valoro que usa buenos ejemplos porque es muy entusiasta.,positivo,David
Me ayuda mucho que inspira a mejorar porque es muy claro.,positivo,Julián
Lo mejor de sus clases es que tiene un gran dominio del tema porque es muy comprensivo.,positivo,Omar
Me parece genial que utiliza recursos útiles porque es muy inspirador.,positivo,Ulises
Nunca deja de sorprenderme cómo apoya el desarrollo personal porque es muy claro.,positivo,Miguel
Es increíble cómo explica muy bien porque es muy organizado.,positivo,Julián
Siempre me impresiona cómo siempre está disponible para ayudar porque es muy paciente.,positivo,Ulises
Disfruto cuando tiene un gran dominio del tema porque es muy dinámico.,positivo,Julián
Nunca deja de sorprenderme cómo tiene una gran actitud porque es muy dinámico.,positivo,Aldo
Una de las mejores cosas es que tiene una gran actitud porque es muy puntual.,positivo,Julián
Siempre me impresiona cómo tiene una gran actitud porque es muy claro.,positivo,Omar
Me ayuda mucho que tiene un gran dominio del tema porque es muy respetuoso.,positivo,Omar
Es destacable cómo utiliza recursos útiles porque es muy inspirador.,positivo,Julián
Lo mejor de sus clases es que tiene un gran dominio del tema porque es muy comprometido.,positivo,Ulises
Es muy admirable que tiene una gran actitud porque es muy sabio.,positivo,Julián
Nunca deja de sorprenderme cómo apoya el desarrollo personal porque es muy entusiasta.,positivo,Miguel
Siempre me impresiona cómo tiene un gran dominio del tema porque es muy comprometido.,positivo,Miguel
Me parece genial que inspira a mejorar porque es muy dinámico.,positivo,Omar
Me encanta que responde todas las dudas porque es muy inspirador.,positivo,David
Valoro que fomenta la participación porque es muy sabio.,positivo,Ulises
Una de las mejores cosas es que utiliza recursos útiles porque es muy claro.,positivo,Omar
Me gusta mucho cómo explica muy bien porque es muy comprometido.,positivo,Omar
Es increíble cómo utiliza recursos útiles porque es muy dedicado.,positivo,Aldo
Valoro que responde todas las dudas porque es muy comprometido.,positivo,David
Nunca deja de sorprenderme cómo apoya el desarrollo personal porque es muy puntual.,positivo,Ulises
Es muy admirable que responde todas las dudas porque es muy claro.,positivo,David
Es motivador cuando hace las clases interesantes porque es muy amable.,positivo,Miguel
Me encanta que tiene un gran dominio del tema porque es muy claro.,positivo,David
Aprecio mucho que hace las clases interesantes porque es muy amable.,positivo,Aldo
Me ayuda mucho que se preocupa por sus alumnos porque es muy puntual.,positivo,Omar
Aprecio mucho que mantiene la clase activa porque es muy puntual.,positivo,Ulises
Me encanta que explica muy bien porque es muy respetuoso.,positivo,Julián
Es muy admirable que tiene un gran dominio del tema porque es muy paciente.,positivo,Omar
Una de las mejores cosas es que responde todas las dudas porque es muy puntual.,positivo,Miguel
Es muy admirable que usa buenos ejemplos porque es muy dedicado.,positivo,Miguel
Disfruto cuando responde todas las dudas porque es muy paciente.,positivo,Ulises
Es destacable cómo responde todas las dudas porque es muy respetuoso.,positivo,Ulises
Una de las mejores cosas es que tiene una gran actitud porque es muy dedicado.,positivo,Aldo
Una de las mejores cosas es que hace las clases interesantes porque es muy paciente.,positivo,Omar
Me parece genial que tiene un gran dominio del tema porque es muy puntual.,positivo,Julián
Me parece genial que transmite confianza porque es muy sabio.,positivo,Aldo
Nunca deja de sorprenderme cómo motiva a aprender porque es muy sabio.,positivo,Julián
Disfruto cuando explica muy bien porque es muy respetuoso.,positivo,Miguel
Una de las mejores cosas es que tiene un gran dominio del tema porque es muy dedicado.,positivo,Aldo
Es motivador cuando explica muy bien porque es muy entusiasta.,positivo,Julián
Una de las mejores cosas es que tiene un gran dominio del tema porque es muy paciente.,positivo,David
Siempre me impresiona cómo responde todas las dudas porque es muy sabio.,positivo,Miguel
Es destacable cómo apoya el desarrollo personal porque es muy excelente.,positivo,Omar
Es motivador cuando hace las clases interesantes porque es muy organizado.,positivo,Miguel
Disfruto cuando usa buenos ejemplos porque es muy respetuoso.,positivo,Julián
Disfruto cuando se preocupa por sus alumnos porque es muy respetuoso.,positivo,Julián
Me parece genial que transmite confianza porque es muy amable.,positivo,Miguel
Me encanta que hace las clases interesantes porque es muy creativo.,positivo,Ulises
Me gusta mucho cómo tiene un gran dominio del tema porque es muy amable.,positivo,David
Es motivador cuando motiva a aprender porque es muy dinámico.,positivo,Miguel
Lo mejor de sus clases es que apoya el desarrollo personal porque es muy amable.,positivo,Ulises
Me ayuda mucho que se preocupa por sus alumnos porque es muy amable.,positivo,David
Lo mejor de sus clases es que motiva a aprender porque es muy paciente.,positivo,David
Valoro que responde todas las dudas porque es muy dedicado.,positivo,Omar
Valoro que tiene una gran actitud porque es muy inspirador.,positivo,Ulises
Disfruto cuando hace las clases interesantes porque es muy respetuoso.,positivo,Aldo
Es increíble cómo tiene un gran dominio del tema porque es muy comprometido.,positivo,Omar
Valoro que fomenta la participación porque es muy inspirador.,positivo,Ulises
Me gusta mucho cómo usa buenos ejemplos porque es muy excelente.,positivo,Ulises
Nunca deja de sorprenderme cómo fomenta la participación porque es muy comprensivo.,positivo,David
Lo mejor de sus clases es que apoya el desarrollo personal porque es muy paciente.,positivo,Omar
Es muy admirable que hace las clases interesantes porque es muy inspirador.,positivo,Aldo
Nunca deja de sorprenderme cómo siempre está disponible para ayudar porque es muy inspirador.,positivo,Julián
Siempre me impresiona cómo explica muy bien porque es muy paciente.,positivo,Miguel
Es muy admirable que usa buenos ejemplos porque es muy comprensivo.,positivo,Aldo
Lo mejor de sus clases es que inspira a mejorar porque es muy respetuoso.,positivo,Aldo
Es increíble cómo apoya el desarrollo personal porque es muy respetuoso.,positivo,Julián
Nunca deja de sorprenderme cómo transmite confianza porque es muy claro.,positivo,David
Es motivador cuando tiene un gran dominio del tema porque es muy paciente.,positivo,Miguel
Me encanta que inspira a mejorar porque es muy claro.,positivo,Ulises
Una de las mejores cosas es que fomenta la participación porque es muy excelente.,positivo,Julián
Me encanta que usa buenos ejemplos porque es muy entusiasta.,positivo,David
Siempre me impresiona cómo transmite confianza porque es muy comprometido.,positivo,Aldo
Es increíble cómo explica muy bien porque es muy puntual.,positivo,Julián
Me encanta que hace las clases interesantes porque es muy respetuoso.,positivo,Ulises
Valoro que se preocupa por sus alumnos porque es muy comprensivo.,positivo,David
Es increíble cómo apoya el desarrollo personal porque es muy comprometido.,positivo,Miguel
Es motivador cuando motiva a aprender porque es muy amable.,positivo,Ulises
Lo mejor de sus clases es que apoya el desarrollo personal porque es muy creativo.,positivo,Julián
Es destacable cómo tiene un gran dominio del tema porque es muy organizado.,positivo,Aldo
Me gusta mucho cómo explica muy bien porque es muy entusiasta.,positivo,Miguel
Disfruto cuando inspira a mejorar porque es muy excelente.,positivo,Ulises
Lo mejor de sus clases es que tiene un gran dominio del tema porque es muy sabio.,positivo,Miguel
Es muy admirable que transmite confianza porque es muy respetuoso.,positivo,David
Es muy admirable que usa buenos ejemplos porque es muy organizado.,positivo,David
Nunca deja de sorprenderme cómo transmite confianza porque es muy amable.,positivo,Miguel
Me parece genial que transmite confianza porque es muy comprometido.,positivo,Aldo
Siempre me impresiona cómo explica muy bien porque es muy puntual.,positivo,Julián
Me ayuda mucho que hace las clases interesantes porque es muy claro.,positivo,David
Es muy admirable que inspira a mejorar porque es muy paciente.,positivo,David
Lo mejor de sus clases es que motiva a aprender porque es muy respetuoso.,positivo,Ulises
Es motivador cuando inspira a mejorar porque es muy paciente.,positivo,David
Siempre me impresiona cómo tiene un gran dominio del tema porque es muy dedicado.,positivo,Miguel
Siempre me impresiona cómo hace las clases interesantes porque es muy amable.,positivo,Miguel
Es destacable cómo hace las clases interesantes porque es muy paciente.,positivo,Omar
Me encanta que apoya el desarrollo personal porque es muy dedicado.,positivo,Julián
Es increíble cómo explica muy bien porque es muy excelente.,positivo,Omar
Me parece genial que explica muy bien porque es muy puntual.,positivo,Ulises
Es muy admirable que responde todas las dudas porque es muy excelente.,positivo,David
Me encanta que utiliza recursos útiles porque es muy organizado.,positivo,David
Una de las mejores cosas es que inspira a mejorar porque es muy entusiasta.,positivo,Ulises
Una de las mejores cosas es que mantiene la clase activa porque es muy sabio.,positivo,David
Es muy admirable que inspira a mejorar porque es muy excelente.,positivo,Ulises
Valoro que inspira a mejorar porque es muy dinámico.,positivo,Julián
Me gusta mucho cómo mantiene la clase activa porque es muy inspirador.,positivo,Miguel
Me gusta mucho cómo inspira a mejorar porque es muy paciente.,positivo,Ulises
Es increíble cómo hace las clases interesantes porque es muy comprometido.,positivo,Ulises
Una de las mejores cosas es que inspira a mejorar porque es muy comprensivo.,positivo,Julián
Una de las mejores cosas es que motiva a aprender porque es muy respetuoso.,positivo,David
Valoro que fomenta la participación porque es muy dedicado.,positivo,Omar
Es destacable cómo responde todas las dudas porque es muy dinámico.,positivo,Omar
Siempre me impresiona cómo utiliza recursos útiles porque es muy creativo.,positivo,David
Nunca deja de sorprenderme cómo siempre está disponible para ayudar porque es muy organizado.,positivo,Ulises
Me gusta mucho cómo responde todas las dudas porque es muy amable.,positivo,David
Lo mejor de sus clases es que utiliza recursos útiles porque es muy respetuoso.,positivo,Aldo
Siempre me impresiona cómo responde todas las dudas porque es muy claro.,positivo,Miguel
Durante las sesiones se comunica por correo institucional.,neutral,Miguel
Por lo general responde algunas preguntas.,neutral,Omar
Normalmente se comunica por correo institucional.,neutral,Miguel
Por lo general utiliza la plataforma académica.,neutral,Miguel
En el curso utiliza presentaciones en clase.,neutral,Omar
Durante las sesiones utiliza la plataforma académica.,neutral,Miguel
Durante la clase sigue los horarios establecidos.,neutral,Ulises
Normalmente presenta los temas según el programa.,neutral,Julián
En clase respeta el tiempo de clase.,neutral,Ulises
Durante el semestre mantiene la estructura de la clase.,neutral,Omar
En clase permite el uso de materiales de apoyo.,neutral,Julián
De manera constante se comunica por correo institucional.,neutral,Julián
En el curso responde algunas preguntas.,neutral,David
Durante el semestre explica los temas de forma adecuada.,neutral,Julián
En clase comparte información básica del curso.,neutral,Julián
Durante la clase responde algunas preguntas.,neutral,Miguel
Con frecuencia responde algunas preguntas.,neutral,Aldo
Con frecuencia realiza exámenes conforme a lo planeado.,neutral,David
Usualmente respeta el tiempo de clase.,neutral,Ulises
Normalmente utiliza presentaciones en clase.,neutral,Miguel
En sus explicaciones respeta el tiempo de clase.,neutral,Omar
De manera constante comparte información básica del curso.,neutral,Aldo
Por lo general se comunica por correo institucional.,neutral,Julián
Durante el semestre se comunica por correo institucional.,neutral,Miguel
Durante la clase presenta los temas según el programa.,neutral,Julián
Usualmente comparte información básica del curso.,neutral,David
Durante la materia asigna tareas moderadas.,neutral,Miguel
Durante la clase asigna tareas moderadas.,neutral,Julián
Durante la materia entrega retroalimentación ocasional.,neutral,Miguel
Durante el semestre entrega retroalimentación ocasional.,neutral,Julián
En sus clases presenta los temas según el programa.,neutral,Julián
Por lo general realiza exámenes conforme a lo planeado.,neutral,Ulises
De manera constante utiliza presentaciones en clase.,neutral,Miguel
Durante el semestre utiliza la plataforma académica.,neutral,Miguel
En sus clases mantiene la estructura de la clase.,neutral,Omar
Durante la materia responde algunas preguntas.,neutral,Miguel
Regularmente mantiene la estructura de la clase.,neutral,David
Con frecuencia utiliza la plataforma académica.,neutral,Omar
Durante la clase explica los temas de forma adecuada.,neutral,David
Por lo general comparte información básica del curso.,neutral,Ulises
Normalmente comparte información básica del curso.,neutral,Julián
Regularmente comparte información básica del curso.,neutral,Julián
Durante las sesiones asigna tareas moderadas.,neutral,Omar
Durante la clase realiza exámenes conforme a lo planeado.,neutral,Miguel
Con frecuencia respeta el tiempo de clase.,neutral,David
Durante las sesiones explica los temas de forma adecuada.,neutral,David
Por lo general sigue los horarios establecidos.,neutral,Omar
Durante la materia realiza exámenes conforme a lo planeado.,neutral,Miguel
Durante las sesiones comparte información básica del curso.,neutral,Aldo
Normalmente responde algunas preguntas.,neutral,Julián
En sus explicaciones responde algunas preguntas.,neutral,Julián
Durante la clase comparte información básica del curso.,neutral,Aldo
Por lo general entrega retroalimentación ocasional.,neutral,Omar
Con frecuencia se comunica por correo institucional.,neutral,Julián
En clase sigue los horarios establecidos.,neutral,Ulises
En el curso realiza exámenes conforme a lo planeado.,neutral,Aldo
La mayoría del tiempo utiliza presentaciones en clase.,neutral,Aldo
En sus clases se comunica por correo institucional.,neutral,David
Por lo general respeta el tiempo de clase.,neutral,Aldo
En clase entrega retroalimentación ocasional.,neutral,Ulises
Durante la clase entrega retroalimentación ocasional.,neutral,Miguel
Usualmente explica los temas de forma adecuada.,neutral,David
Durante la materia presenta los temas según el programa.,neutral,Aldo
En el curso se comunica por correo institucional.,neutral,Omar
Durante las sesiones realiza exámenes conforme a lo planeado.,neutral,Omar
De manera constante sigue los horarios establecidos.,neutral,Omar
Normalmente entrega retroalimentación ocasional.,neutral,Aldo
Durante la clase respeta el tiempo de clase.,neutral,Miguel
Normalmente explica los temas de forma adecuada.,neutral,David
Usualmente permite el uso de materiales de apoyo.,neutral,Ulises
En sus clases realiza exámenes conforme a lo planeado.,neutral,Miguel
En sus explicaciones utiliza la plataforma académica.,neutral,Omar
La mayoría del tiempo sigue los horarios establecidos.,neutral,David
Durante las sesiones respeta el tiempo de clase.,neutral,Omar
En el curso sigue los horarios establecidos.,neutral,Miguel
De manera constante explica los temas de forma adecuada.,neutral,Ulises
En sus explicaciones entrega retroalimentación ocasional.,neutral,David
Usualmente mantiene la estructura de la clase.,neutral,Miguel
Usualmente asigna tareas moderadas.,neutral,Aldo
Normalmente utiliza la plataforma académica.,neutral,Aldo
En el curso permite el uso de materiales de apoyo.,neutral,Julián
En el curso presenta los temas según el programa.,neutral,Omar
Durante la clase se comunica por correo institucional.,neutral,Omar
En sus explicaciones cumple con el temario.,neutral,Julián
Durante el semestre cumple con el temario.,neutral,Miguel
Por lo general mantiene la estructura de la clase.,neutral,Omar
En el curso mantiene la estructura de la clase.,neutral,David
Normalmente asigna tareas moderadas.,neutral,David
En sus explicaciones presenta los temas según el programa.,neutral,Aldo
En sus clases explica los temas de forma adecuada.,neutral,Ulises
La mayoría del tiempo respeta el tiempo de clase.,neutral,Ulises
Durante la materia sigue los horarios establecidos.,neutral,Julián
De manera constante respeta el tiempo de clase.,neutral,Aldo
La mayoría del tiempo comparte información básica del curso.,neutral,Miguel
Regularmente sigue los horarios establecidos.,neutral,Miguel
Durante la clase permite el uso de materiales de apoyo.,neutral,Julián
Usualmente presenta los temas según el programa.,neutral,Julián
Usualmente cumple con el temario.,neutral,David
Durante la materia mantiene la estructura de la clase.,neutral,Ulises
En sus clases respeta el tiempo de clase.,neutral,Omar
En clase cumple con el temario.,neutral,Omar
Por lo general cumple con el temario.,neutral,Julián
En el curso entrega retroalimentación ocasional.,neutral,David
Regularmente utiliza la plataforma académica.,neutral,Julián
En sus clases responde algunas preguntas.,neutral,Miguel
Regularmente entrega retroalimentación ocasional.,neutral,Aldo
Regularmente respeta el tiempo de clase.,neutral,Julián
Con frecuencia asigna tareas moderadas.,neutral,Omar
Durante las sesiones cumple con el temario.,neutral,David
En sus clases comparte información básica del curso.,neutral,Aldo
Durante la materia explica los temas de forma adecuada.,neutral,Julián
Normalmente realiza exámenes conforme a lo planeado.,neutral,Julián
Normalmente cumple con el temario.,neutral,Aldo
En clase explica los temas de forma adecuada.,neutral,Omar
Normalmente sigue los horarios establecidos.,neutral,Aldo
En sus explicaciones permite el uso de materiales de apoyo.,neutral,David
En sus clases permite el uso de materiales de apoyo.,neutral,Omar
Regularmente explica los temas de forma adecuada.,neutral,Omar
Durante las sesiones utiliza presentaciones en clase.,neutral,Julián
Durante el semestre utiliza presentaciones en clase.,neutral,Miguel
Usualmente utiliza la plataforma académica.,neutral,Miguel
En sus clases cumple con el temario.,neutral,Aldo
En sus explicaciones sigue los horarios establecidos.,neutral,Miguel
Con frecuencia explica los temas de forma adecuada.,neutral,Miguel
Usualmente responde algunas preguntas.,neutral,Ulises
Durante la clase utiliza presentaciones en clase.,neutral,Julián
De manera constante presenta los temas según el programa.,neutral,Julián
En sus explicaciones se comunica por correo institucional.,neutral,Omar
La mayoría del tiempo permite el uso de materiales de apoyo.,neutral,Aldo
Con frecuencia mantiene la estructura de la clase.,neutral,Aldo
De manera constante asigna tareas moderadas.,neutral,Ulises
En sus explicaciones asigna tareas moderadas.,neutral,David
Regularmente asigna tareas moderadas.,neutral,Aldo
En clase responde algunas preguntas.,neutral,David
Con frecuencia permite el uso de materiales de apoyo.,neutral,David
De manera constante responde algunas preguntas.,neutral,Julián
En sus explicaciones utiliza presentaciones en clase.,neutral,David
De manera constante mantiene la estructura de la clase.,neutral,Ulises
Con frecuencia cumple con el temario.,neutral,Julián
Durante el semestre responde algunas preguntas.,neutral,Ulises
Regularmente responde algunas preguntas.,neutral,Aldo
En el curso utiliza la plataforma académica.,neutral,Omar
Durante la materia respeta el tiempo de clase.,neutral,Julián
Durante las sesiones permite el uso de materiales de apoyo.,neutral,Julián
Durante el semestre asigna tareas moderadas.,neutral,Aldo
Normalmente mantiene la estructura de la clase.,neutral,David
Usualmente entrega retroalimentación ocasional.,neutral,Miguel
Con frecuencia sigue los horarios establecidos.,neutral,Aldo
Con frecuencia presenta los temas según el programa.,neutral,Aldo
Durante el semestre presenta los temas según el programa.,neutral,Omar
La mayoría del tiempo responde algunas preguntas.,neutral,Ulises
Durante el semestre permite el uso de materiales de apoyo.,neutral,David
Durante la materia utiliza la plataforma académica.,neutral,David
Usualmente se comunica por correo institucional.,neutral,David
Durante la clase mantiene la estructura de la clase.,neutral,David
En el curso comparte información básica del curso.,neutral,Ulises
En clase asigna tareas moderadas.,neutral,Aldo
De manera constante realiza exámenes conforme a lo planeado.,neutral,Omar
Durante la materia cumple con el temario.,neutral,Miguel
En sus explicaciones realiza exámenes conforme a lo planeado.,neutral,Ulises
Durante la materia se comunica por correo institucional.,neutral,Ulises
Por lo general permite el uso de materiales de apoyo.,neutral,Omar
Normalmente permite el uso de materiales de apoyo.,neutral,Miguel
Regularmente cumple con el temario.,neutral,Ulises
Durante las sesiones sigue los horarios establecidos.,neutral,Omar
La mayoría del tiempo mantiene la estructura de la clase.,neutral,Aldo
Durante las sesiones presenta los temas según el programa.,neutral,Miguel
La mayoría del tiempo explica los temas de forma adecuada.,neutral,Omar
Durante el semestre comparte información básica del curso.,neutral,Aldo
Por lo general asigna tareas moderadas.,neutral,Julián
La mayoría del tiempo entrega retroalimentación ocasional.,neutral,Ulises
La mayoría del tiempo presenta los temas según el programa.,neutral,Julián
Usualmente utiliza presentaciones en clase.,neutral,Ulises
En sus explicaciones mantiene la estructura de la clase.,neutral,Aldo
En clase presenta los temas según el programa.,neutral,Julián
Regularmente permite el uso de materiales de apoyo.,neutral,David
En sus explicaciones comparte información básica del curso.,neutral,Ulises
De manera constante utiliza la plataforma académica.,neutral,David
Regularmente realiza exámenes conforme a lo planeado.,neutral,Aldo
En clase utiliza presentaciones en clase.,neutral,Julián
Regularmente se comunica por correo institucional.,neutral,Ulises
Usualmente sigue los horarios establecidos.,neutral,David
En clase se comunica por correo institucional.,neutral,Miguel
En el curso respeta el tiempo de clase.,neutral,David
Durante el semestre realiza exámenes conforme a lo planeado.,neutral,Miguel
En el curso explica los temas de forma adecuada.,neutral,Julián
La mayoría del tiempo se comunica por correo institucional.,neutral,Aldo
De manera constante cumple con el temario.,neutral,Ulises
Normalmente respeta el tiempo de clase.,neutral,Omar
Con frecuencia entrega retroalimentación ocasional.,neutral,Omar
En sus clases utiliza la plataforma académica.,neutral,Julián
En sus clases entrega retroalimentación ocasional.,neutral,Aldo
Regularmente presenta los temas según el programa.,neutral,Miguel
Durante las sesiones entrega retroalimentación ocasional.,neutral,Aldo
Por lo general presenta los temas según el programa.,neutral,David
Con frecuencia utiliza presentaciones en clase.,neutral,Aldo
Durante la materia comparte información básica del curso.,neutral,Omar
Durante la clase cumple con el temario.,neutral,David
En el curso cumple con el temario.,neutral,Miguel
La mayoría del tiempo asigna tareas moderadas.,neutral,Omar
Durante las sesiones responde algunas preguntas.,neutral,Miguel
En clase realiza exámenes conforme a lo planeado.,neutral,Aldo
En clase mantiene la estructura de la clase.,neutral,Ulises
Durante el semestre respeta el tiempo de clase.,neutral,Ulises
La mayoría del tiempo cumple con el temario.,neutral,Omar
La mayoría del tiempo utiliza la plataforma académica.,neutral,Miguel
Durante la materia permite el uso de materiales de apoyo.,neutral,Aldo
En sus clases utiliza presentaciones en clase.,neutral,Julián
Por lo general utiliza presentaciones en clase.,neutral,Omar
La mayoría del tiempo realiza exámenes conforme a lo planeado.,neutral,Ulises
En sus clases asigna tareas moderadas.,neutral,David
Durante el semestre sigue los horarios establecidos.,neutral,Omar
De manera constante entrega retroalimentación ocasional.,neutral,Omar
Por lo general explica los temas de forma adecuada.,neutral,Ulises
En el curso asigna tareas moderadas.,neutral,Ulises
De manera constante permite el uso de materiales de apoyo.,neutral,Julián
Durante las sesiones mantiene la estructura de la clase.,neutral,Omar
Con frecuencia comparte información básica del curso.,neutral,Ulises
Usualmente realiza exámenes conforme a lo planeado.,neutral,Ulises
En clase utiliza la plataforma académica.,neutral,Ulises
Durante la materia utiliza presentaciones en clase.,neutral,Aldo
Regularmente utiliza presentaciones en clase.,neutral,Miguel
En sus clases sigue los horarios establecidos.,neutral,Julián
Durante la clase utiliza la plataforma académica.,neutral,Ulises
En sus explicaciones explica los temas de forma adecuada.,neutral,Ulises
En la materia entrega calificaciones tarde.,negativo,Miguel
Con frecuencia interrumpe frecuentemente.,negativo,Julián
En muchas clases entrega calificaciones tarde.,negativo,Ulises
A veces es difícil entender sus clases.,negativo,Julián
En varias oportunidades cambia las fechas sin avisar.,negativo,Julián
En varias ocasiones no utiliza ejemplos prácticos.,negativo,David
Durante el curso no utiliza ejemplos prácticos.,negativo,Ulises
A veces interrumpe frecuentemente.,negativo,Ulises
Usualmente cambia las fechas sin avisar.,negativo,Aldo
Con frecuencia hace comentarios innecesarios.,negativo,David
A lo largo del semestre llega tarde con frecuencia.,negativo,Ulises
Usualmente hace comentarios innecesarios.,negativo,Julián
Durante las sesiones no explica claramente los temas.,negativo,Julián
A veces omite parte del contenido.,negativo,Aldo
En la materia cambia las fechas sin avisar.,negativo,Julián
Con frecuencia deja tareas sin explicar.,negativo,Julián
En la materia hace comentarios innecesarios.,negativo,Julián
Usualmente llega tarde con frecuencia.,negativo,Aldo
Durante las sesiones se enfoca demasiado en teoría sin práctica.,negativo,Miguel
En varias ocasiones no sigue una estructura en clase.,negativo,David
En muchas clases hace comentarios innecesarios.,negativo,Aldo
Durante las sesiones hace comentarios innecesarios.,negativo,Miguel
A veces no proporciona retroalimentación.,negativo,Julián
Usualmente omite parte del contenido.,negativo,Omar
Con regularidad no respeta el horario de clase.,negativo,Omar
En repetidas ocasiones interrumpe frecuentemente.,negativo,Omar
En repetidas ocasiones se enfoca demasiado en teoría sin práctica.,negativo,Aldo
En la materia no proporciona retroalimentación.,negativo,Miguel
En la materia omite parte del contenido.,negativo,Julián
En la materia es difícil entender sus clases.,negativo,David
Con regularidad hace comentarios innecesarios.,negativo,Ulises
Con frecuencia es difícil entender sus clases.,negativo,Julián
En muchas clases cambia las fechas sin avisar.,negativo,Ulises
Durante las explicaciones omite parte del contenido.,negativo,David
En muchas clases no responde las dudas.,negativo,Ulises
En varias oportunidades no utiliza ejemplos prácticos.,negativo,Aldo
Durante las sesiones omite parte del contenido.,negativo,Julián
A veces llega tarde con frecuencia.,negativo,Miguel
En sus clases hace comentarios innecesarios.,negativo,Miguel
Durante las explicaciones se enfoca demasiado en teoría sin práctica.,negativo,Omar
A veces no explica claramente los temas.,negativo,Julián
En varias oportunidades llega tarde con frecuencia.,negativo,Miguel
En varias ocasiones cambia las fechas sin avisar.,negativo,Miguel
Durante el curso cambia las fechas sin avisar.,negativo,Julián
Usualmente se enfoca demasiado en teoría sin práctica.,negativo,David
En varias oportunidades se enfoca demasiado en teoría sin práctica.,negativo,David
En repetidas ocasiones hace comentarios innecesarios.,negativo,Julián
Con frecuencia llega tarde con frecuencia.,negativo,Aldo
Durante las sesiones cambia las fechas sin avisar.,negativo,Julián
Durante las explicaciones hace comentarios innecesarios.,negativo,Miguel
A veces se enfoca demasiado en teoría sin práctica.,negativo,Ulises
A veces deja tareas sin explicar.,negativo,Miguel
Usualmente deja tareas sin explicar.,negativo,Julián
Usualmente no proporciona retroalimentación.,negativo,David
A menudo no utiliza ejemplos prácticos.,negativo,Aldo
Durante el curso es difícil entender sus clases.,negativo,Aldo
Con regularidad llega tarde con frecuencia.,negativo,Omar
Durante el curso no explica claramente los temas.,negativo,Aldo
Durante las explicaciones no sigue una estructura en clase.,negativo,Ulises
Durante las explicaciones no utiliza ejemplos prácticos.,negativo,Aldo
En repetidas ocasiones es difícil entender sus clases.,negativo,David
Usualmente no respeta el horario de clase.,negativo,Julián
A veces no utiliza ejemplos prácticos.,negativo,Ulises
A lo largo del semestre es difícil entender sus clases.,negativo,Omar
A menudo llega tarde con frecuencia.,negativo,Julián
A menudo no responde las dudas.,negativo,Aldo
En sus clases entrega calificaciones tarde.,negativo,Miguel
En muchas clases no sigue una estructura en clase.,negativo,David
A veces cambia las fechas sin avisar.,negativo,David
Durante el curso no responde las dudas.,negativo,David
En la materia no sigue una estructura en clase.,negativo,David
A veces no respeta el horario de clase.,negativo,Aldo
Con regularidad interrumpe frecuentemente.,negativo,Omar
A lo largo del semestre no proporciona retroalimentación.,negativo,Aldo
A lo largo del semestre no responde las dudas.,negativo,Julián
Con frecuencia no explica claramente los temas.,negativo,Aldo
En repetidas ocasiones no proporciona retroalimentación.,negativo,Julián
En varias oportunidades es difícil entender sus clases.,negativo,David
En sus clases se enfoca demasiado en teoría sin práctica.,negativo,Miguel
A veces no responde las dudas.,negativo,Julián
En muchas clases interrumpe frecuentemente.,negativo,Aldo
Con frecuencia se enfoca demasiado en teoría sin práctica.,negativo,Miguel
Durante las explicaciones es difícil entender sus clases.,negativo,Ulises
En varias oportunidades no sigue una estructura en clase.,negativo,Aldo
A lo largo del semestre no sigue una estructura en clase.,negativo,Miguel
En repetidas ocasiones entrega calificaciones tarde.,negativo,Aldo
A menudo no respeta el horario de clase.,negativo,Omar
A veces no sigue una estructura en clase.,negativo,Aldo
A menudo deja tareas sin explicar.,negativo,Julián
Con regularidad entrega calificaciones tarde.,negativo,Julián
A lo largo del semestre hace comentarios innecesarios.,negativo,Julián
A lo largo del semestre omite parte del contenido.,negativo,Omar
En varias oportunidades interrumpe frecuentemente.,negativo,Miguel
En repetidas ocasiones no responde las dudas.,negativo,Aldo
En sus clases no proporciona retroalimentación.,negativo,Miguel
En varias ocasiones no respeta el horario de clase.,negativo,Miguel
Usualmente es difícil entender sus clases.,negativo,Julián
En varias oportunidades entrega calificaciones tarde.,negativo,Julián
Con frecuencia no utiliza ejemplos prácticos.,negativo,Julián
A lo largo del semestre deja tareas sin explicar.,negativo,Ulises
Con frecuencia cambia las fechas sin avisar.,negativo,Ulises
Durante el curso no sigue una estructura en clase.,negativo,Julián
En muchas clases omite parte del contenido.,negativo,Ulises
Durante las sesiones no proporciona retroalimentación.,negativo,David
Durante las explicaciones llega tarde con frecuencia.,negativo,Omar
En sus clases llega tarde con frecuencia.,negativo,Omar
En repetidas ocasiones no sigue una estructura en clase.,negativo,Aldo
En varias oportunidades no explica claramente los temas.,negativo,David
Durante el curso llega tarde con frecuencia.,negativo,Omar
En muchas clases no respeta el horario de clase.,negativo,Miguel
En varias ocasiones omite parte del contenido.,negativo,David
En varias ocasiones deja tareas sin explicar.,negativo,Julián
En varias ocasiones hace comentarios innecesarios.,negativo,David
Durante las explicaciones no explica claramente los temas.,negativo,Miguel
En sus clases no explica claramente los temas.,negativo,Ulises
En la materia llega tarde con frecuencia.,negativo,Aldo
Con regularidad no explica claramente los temas.,negativo,Julián
Durante las sesiones llega tarde con frecuencia.,negativo,David
En varias oportunidades deja tareas sin explicar.,negativo,Julián
Usualmente entrega calificaciones tarde.,negativo,Omar
Usualmente no explica claramente los temas.,negativo,Julián
En varias ocasiones se enfoca demasiado en teoría sin práctica.,negativo,Aldo
En repetidas ocasiones no utiliza ejemplos prácticos.,negativo,Omar
A lo largo del semestre no explica claramente los temas.,negativo,Miguel
Con regularidad omite parte del contenido.,negativo,David
Con frecuencia omite parte del contenido.,negativo,Ulises
Durante las sesiones no utiliza ejemplos prácticos.,negativo,Miguel
En muchas clases no proporciona retroalimentación.,negativo,Ulises
Durante las explicaciones entrega calificaciones tarde.,negativo,David
Durante las explicaciones interrumpe frecuentemente.,negativo,Julián
Con regularidad cambia las fechas sin avisar.,negativo,Aldo
En la materia no respeta el horario de clase.,negativo,Miguel
Usualmente interrumpe frecuentemente.,negativo,Miguel
Durante las sesiones es difícil entender sus clases.,negativo,Miguel
En varias oportunidades no proporciona retroalimentación.,negativo,Ulises
Durante el curso hace comentarios innecesarios.,negativo,David
En la materia interrumpe frecuentemente.,negativo,David
En repetidas ocasiones llega tarde con frecuencia.,negativo,Aldo
A lo largo del semestre interrumpe frecuentemente.,negativo,David
En sus clases no respeta el horario de clase.,negativo,Omar
En varias oportunidades no responde las dudas.,negativo,David
Con regularidad no sigue una estructura en clase.,negativo,Ulises
Durante las explicaciones deja tareas sin explicar.,negativo,Omar
En varias oportunidades no respeta el horario de clase.,negativo,Julián
A menudo se enfoca demasiado en teoría sin práctica.,negativo,Miguel
En sus clases cambia las fechas sin avisar.,negativo,Miguel
Con frecuencia no sigue una estructura en clase.,negativo,Aldo
En la materia no utiliza ejemplos prácticos.,negativo,Miguel
En sus clases es difícil entender sus clases.,negativo,Miguel
En la materia se enfoca demasiado en teoría sin práctica.,negativo,David
Con frecuencia no proporciona retroalimentación.,negativo,Miguel
En varias ocasiones no responde las dudas.,negativo,Ulises
Durante el curso interrumpe frecuentemente.,negativo,Julián
En repetidas ocasiones cambia las fechas sin avisar.,negativo,Julián
A menudo entrega calificaciones tarde.,negativo,David
En muchas clases se enfoca demasiado en teoría sin práctica.,negativo,Ulises
Con regularidad es difícil entender sus clases.,negativo,Miguel
Durante el curso omite parte del contenido.,negativo,Julián
A lo largo del semestre no utiliza ejemplos prácticos.,negativo,Omar
A menudo es difícil entender sus clases.,negativo,Julián
En sus clases deja tareas sin explicar.,negativo,Julián
Durante las explicaciones no respeta el horario de clase.,negativo,Aldo
Durante el curso deja tareas sin explicar.,negativo,Julián
A veces hace comentarios innecesarios.,negativo,Omar
Durante las sesiones entrega calificaciones tarde.,negativo,Omar
En varias oportunidades hace comentarios innecesarios.,negativo,Miguel
En varias ocasiones entrega calificaciones tarde.,negativo,Aldo
En repetidas ocasiones omite parte del contenido.,negativo,Aldo
A lo largo del semestre cambia las fechas sin avisar.,negativo,Omar
En muchas clases no utiliza ejemplos prácticos.,negativo,David
Durante las sesiones no sigue una estructura en clase.,negativo,Ulises
A lo largo del semestre se enfoca demasiado en teoría sin práctica.,negativo,Julián
En muchas clases llega tarde con frecuencia.,negativo,Aldo
Con frecuencia no respeta el horario de clase.,negativo,Julián
A lo largo del semestre no respeta el horario de clase.,negativo,Julián
Usualmente no responde las dudas.,negativo,Julián
Con frecuencia no responde las dudas.,negativo,Aldo
En muchas clases deja tareas sin explicar.,negativo,Aldo
Durante las sesiones deja tareas sin explicar.,negativo,Omar
En sus clases no sigue una estructura en clase.,negativo,Miguel
A veces entrega calificaciones tarde.,negativo,Aldo
En varias ocasiones llega tarde con frecuencia.,negativo,Omar
A menudo no proporciona retroalimentación.,negativo,David
Durante las sesiones interrumpe frecuentemente.,negativo,Julián
En varias ocasiones no proporciona retroalimentación.,negativo,Miguel
En repetidas ocasiones no explica claramente los temas.,negativo,Julián
A menudo hace comentarios innecesarios.,negativo,Omar
En varias ocasiones interrumpe frecuentemente.,negativo,Aldo
En la materia no responde las dudas.,negativo,Miguel
En sus clases omite parte del contenido.,negativo,David
En muchas clases no explica claramente los temas.,negativo,Omar
En varias ocasiones no explica claramente los temas.,negativo,Julián
En repetidas ocasiones no respeta el horario de clase.,negativo,Omar
Durante las explicaciones cambia las fechas sin avisar.,negativo,Aldo
Durante las sesiones no respeta el horario de clase.,negativo,Miguel
A menudo no sigue una estructura en clase.,negativo,Omar
En varias oportunidades omite parte del contenido.,negativo,Aldo
En sus clases no utiliza ejemplos prácticos.,negativo,Omar
Durante las sesiones no responde las dudas.,negativo,Omar
En varias ocasiones es difícil entender sus clases.,negativo,David
Con regularidad no responde las dudas.,negativo,Aldo
Durante el curso no respeta el horario de clase.,negativo,Omar
Durante las explicaciones no proporciona retroalimentación.,negativo,Julián
Durante las explicaciones no responde las dudas.,negativo,Aldo
En muchas clases es difícil entender sus clases.,negativo,Aldo
Con regularidad no utiliza ejemplos prácticos.,negativo,Miguel
En sus clases no responde las dudas.,negativo,Aldo
Con regularidad no proporciona retroalimentación.,negativo,Julián
Usualmente no utiliza ejemplos prácticos.,negativo,Omar
A menudo no explica claramente los temas.,negativo,Miguel
En la materia deja tareas sin explicar.,negativo,Ulises
Durante el curso entrega calificaciones tarde.,negativo,Aldo
En repetidas ocasiones deja tareas sin explicar.,negativo,Aldo
En sus clases interrumpe frecuentemente.,negativo,David
Con regularidad se enfoca demasiado en teoría sin práctica.,negativo,Omar
A lo largo del semestre entrega calificaciones tarde.,negativo,Miguel
Usualmente no sigue una estructura en clase.,negativo,David
A menudo omite parte del contenido.,negativo,Julián
A menudo interrumpe frecuentemente.,negativo,Julián
Durante el curso no proporciona retroalimentación.,negativo,Ulises
Con regularidad deja tareas sin explicar.,negativo,Omar
A menudo cambia las fechas sin avisar.,negativo,Aldo
Durante el curso se enfoca demasiado en teoría sin práctica.,negativo,Miguel
En la materia no explica claramente los temas.,negativo,Aldo
Con frecuencia entrega calificaciones tarde.,negativo,Omar
"muy buena clase, aunque noce xq repite",positivo,David
ps todo ok con el profe,positivo,Miguel
normal,neutral,Miguel
no destaca pero cumple,neutral,Aldo
profe standard,neutral,David
ni bien ni mal,neutral,Aldo
"me gusta como va la clase, pero k flojera aveces",positivo,Ulises
lo q se espera d un profe,neutral,Ulises
no m gusto,negativo,Aldo
clase clase clase,neutral,Omar
pzz no sirve,negativo,Aldo
a veces se va pero vuelve y explica bien,positivo,Miguel
no entiendo nada y me estresa,negativo,Aldo
demasiado confuso,negativo,Omar
ps hace su trabajo,neutral,Miguel
nada especial,neutral,Miguel
el profe ta bn,positivo,Ulises
explica bn pero a veces me pierdo,positivo,Miguel
mal plan,negativo,Ulises
"ps mal, muy mal",negativo,David
osea q explica,positivo,Aldo
ahi va,neutral,Ulises
ta bien,positivo,Miguel
cumple y ya,neutral,Omar
bn bn bn,positivo,Omar
todo normal,neutral,Ulises
mejor profe de este semestre yo creo,positivo,David
todo bn en clase,positivo,Julián
k flojera su clase,negativo,Ulises
se va mucho del tema,negativo,David
noce q dice,negativo,Omar
osea nada q ver,negativo,Miguel
habla y explica lo q tiene q explicar,neutral,Miguel
clase aburrida,negativo,Omar
no entendi nada xq no explica,negativo,Ulises
me pierdo d+ en su clase,negativo,Ulises
no le importa si aprendemos o no,negativo,Ulises
nose si aprendo pero me cae bn,positivo,Aldo
bno pero el profe siempre se esfuerza xd,positivo,Aldo
explica bien aunq a veces se va x las ramas jeje,positivo,Julián
muy amable aunq la clase no siempre es clara,positivo,David
yo aprendo pero creo q es xq ya sabia algo,positivo,Ulises
gracioso y eso hace la clase menos pesada,positivo,Miguel
no es ni malo ni el mejor jsjs,neutral,Miguel
"profe normalito, da igual quien sea",neutral,Omar
nunca supe su nombre pero pues da la clase,neutral,Ulises
pues cumple su funcion supongo,neutral,David
las clases van pasando y uno ahi va,neutral,Julián
creo q perdí el tiempo jsjs,negativo,David
osea me aburro un buen,negativo,Julián
"no me gustó nada, pero eso ya es personal",negativo,Ulises
hay profe que no más no,negativo,Julián
lo intenté pero no pude seguir su clase,negativo,Julián
pizza con piña y el profe xd,neutral,Ulises
me dormí soñando con dragones,neutral,Julián
hoy me duele la cabeza y no es x el profe,neutral,Miguel
hay veces que todo da igual,neutral,Aldo
me puse a pensar en tacos,neutral,Miguel
ayer soñé que aprobaba sin estudiar,neutral,Ulises
mi perro se sentó a ver la clase,neutral,Omar
no entiendo la clase pero sí el universo,neutral,David
cuando respiras profundo y nada cambia,neutral,Omar
mi teclado se descompuso justo hoy,neutral,Julián
No me gusta ,negativo,Aldo
No me gusta ,negativo,Ulises
Muy buen maestro,positivo,David
Muy buen maestro,positivo,Aldo
Muy guapo maestro,positivo,David
No enseña nada,negativo,David
No es bueno explicando,negativo,David
Excelente maestro,positivo,David
No hace las diapositivas,negativo,Omar
Muy bien maestro,positivo,David
No hace diapositivas,negativo,Omar
Muy buen maestro explica muy bien ,positivo,David
Muy buen el profe ,positivo,David
